{"files":{"home.html":{"frameworks":["pg.asset.manager","pg.insight.events","pg.project.items","pg.code-validator","pg.image.overlay","foundation.6.4.3","pg.html","pg.components"],"last_page_width":1024},"faq.html":{"frameworks":["NEW","pg.insight.events","pg.asset.manager","pg.project.items","pg.code-validator","pg.image.overlay","bs4","pg.html","pg.components"],"last_page_width":1024},"template.html":{"frameworks":["NEW","pg.insight.events","pg.asset.manager","pg.project.items","pg.image.overlay","pg.code-validator","bs4","pg.html","pg.components"],"last_page_width":1024},"productsandservices.html":{"frameworks":["NEW","pg.insight.events","pg.asset.manager","pg.project.items","pg.code-validator","pg.image.overlay","bs4","pg.html","pg.components"],"last_page_width":1024},"contact.html":{"frameworks":["NEW","pg.insight.events","pg.asset.manager","pg.project.items","pg.code-validator","pg.image.overlay","bs4","pg.html","pg.components"],"last_page_width":1024},"services.html":{"frameworks":["pg.asset.manager","pg.insight.events","pg.project.items","pg.image.overlay","pg.code-validator","bs4","foundation.5.5.3","pg.html","pg.components"],"last_page_width":1024},"checkout.html":{"frameworks":["web","pg.insight.events","pg.image.overlay","pg.code-validator","pg.project.items","pg.asset.manager","bs4","pg.html","pg.components"],"last_page_width":1024},"sign-up.html":{"frameworks":["web","pg.insight.events","pg.image.overlay","pg.code-validator","pg.project.items","pg.asset.manager","bs4","pg.html","pg.components"],"last_page_width":1024},"signup.html":{"frameworks":["web","pg.insight.events","pg.image.overlay","pg.code-validator","pg.project.items","pg.asset.manager","bs4","foundation.5.5.3","pg.html","pg.components"],"last_page_width":1024},"start-engagement.html":{"frameworks":["web","pg.insight.events","pg.image.overlay","pg.code-validator","pg.project.items","pg.asset.manager","foundation.6.4.3","pg.html","pg.components"],"last_page_width":1024}},"breakpoints":["575.98px","576px","767.98px","768px","991.98px","992px","1199.98px","1200px"],"frameworks":["web","pg.insight.events","pg.image.overlay","pg.code-validator","pg.project.items","pg.asset.manager","foundation.6.4.3","pg.html","pg.components"],"template_framework_id":"bootstrap","file-picker-copy-folder":"C:\\wix_replace\\NEW\\img"}