{"files":{"home.html":{"frameworks":["pg.insight.events","pg.asset.manager","pg.project.items","pg.image.overlay","pg.code-validator","bs4","pg.html","pg.components"],"last_page_width":1024},"company.html":{"frameworks":["pg.insight.events","pg.image.overlay","pg.code-validator","pg.project.items","pg.asset.manager","bs4","pg.html","pg.components"],"last_page_width":1024},"product.html":{"frameworks":["pg.insight.events","pg.image.overlay","pg.code-validator","pg.project.items","pg.asset.manager","bs4","pg.html","pg.components"],"last_page_width":1024},"bamflogin.html":{"frameworks":["pg.insight.events","pg.image.overlay","pg.code-validator","pg.project.items","pg.asset.manager","bs4","pg.html","pg.components"],"last_page_width":1024}},"breakpoints":["575.98px","576px","767.98px","768px","991.98px","992px","1199.98px","1200px"],"frameworks":["pg.insight.events","pg.image.overlay","pg.code-validator","pg.project.items","pg.asset.manager","bs4","pg.html","pg.components"],"template_framework_id":"bootstrap"}